"","GSP1","COS1","GSP2","COS2","GSP3","COS3","GSP4","COS4","GSP5","COS5","combined_pvalue","adjusted_pvalue"
"GAPDH",1.25407422418054e-05,0.334650016582106,1.64252960685021e-08,0.779941319717486,9.36026733476343e-10,0.0135666155559607,5.02539163682353e-09,0.464338249879424,1.10362901316385e-07,0.0253956260581069,7.4774321179305e-09,4.23346052516547e-06
"MCL1",1.68062306913816e-05,0.319494437462742,1.51975484186988e-08,0.761161664367622,1.29354483842477e-09,0.935400181525069,3.26533905566655e-08,0.580934762803971,2.67965375638525e-06,0.264771457099731,1.14952186658357e-08,6.07907926027226e-06
"LDHB",0.000161926655698229,0.00485062980939248,9.4034148349487e-06,0.392803476253628,1.70096839115849e-05,0.685548487801688,0.000168816470381279,0.161683335521895,0.000946206792388874,0.0153326843896872,5.60015620099108e-05,0.0124769475856513
"COL6A3",1.93212181730139e-13,0.0358612088133079,4.97511095121981e-18,0.800508848601978,4.59673316612042e-18,0.699014557728549,4.81690182348846e-15,0.295981562627613,4.03251987466582e-12,0.255530253934158,1.11022302462516e-16,3.3392751712252e-13
"RPS5",5.71210974858629e-09,0.0303370814350034,2.58078405544352e-12,0.973914030886955,8.27857605091496e-13,0.437202740839595,9.37453815738011e-13,0.418511169287155,4.15269327356943e-12,1.16898690496466e-06,3.44468897850447e-12,3.60374576478623e-09
"C4B",7.3525681385051e-06,0.0116423840219037,1.70755208629784e-06,0.823988690711264,5.9071642767197e-05,0.501059687452298,0.0045631595333312,0.0876299442332007,0.0315160070618523,0.0158958530252761,1.35322637402346e-05,0.00359793936304169
"H3F3A",3.55693747537582e-06,0.00567740407079743,4.57970298709764e-08,0.683962877467976,4.64074330058123e-07,0.349671497391717,3.00443519274788e-05,0.270083604582272,0.000449596260355647,0.000489163114337997,4.11367293118303e-07,0.000149974626467545
"RPL21",1.48013556847656e-05,0.14495912464218,2.80590732555347e-05,0.96291813032324,0.000611511126135103,0.251229423785918,0.00511060575969547,0.501773965479365,0.00521398764489412,0.00107929918634393,9.42219417743306e-05,0.018507507198793
"CD63",0.000240565944197823,0.0300014507670509,2.08734085597584e-05,0.966261918146846,0.000117888535873125,0.620455748361311,0.00137850776299525,0.322826859334927,0.00513536195743607,0.0175823409433188,0.000162525893108612,0.0296265168840956
"TCEB2",0.000449031336284029,0.491959733313226,3.77944661654594e-06,0.936178623566158,9.83195604528913e-08,0.18179839261597,2.35414622035098e-08,0.743901275901876,7.69528937297167e-08,0.0245126545380757,1.51719818930474e-07,6.29428332121011e-05
"H2AFJ",6.63979645496994e-09,0.138737439115454,1.10606732740799e-13,0.353239639261676,1.33093689021335e-15,0.835806717270489,4.25919173531543e-15,0.468740615827937,1.283839447788e-13,0.0372120896337057,1.02140518265514e-14,1.89054348155519e-11
"RPL13",6.15987888406601e-13,0.130267809321468,6.43547430147013e-16,0.754837863703955,8.05821105385207e-16,0.601572243345557,7.81077637404269e-15,0.476978085746226,1.34880986555234e-13,0.00040114700536432,3.5527136788005e-15,6.8388355506692e-12
"MYL9",1.56846228889315e-05,0.103147647556107,4.53830426186699e-07,0.855530937319961,9.81448884919292e-07,0.822179529240876,9.95800200128573e-06,0.474760278178135,6.21787708568744e-05,0.0206739567365531,2.938863830515e-06,0.000895126342623546
"IFI6",3.90630637061491e-07,0.0653961628837446,5.53353569029393e-09,0.383092930789306,9.4985704897542e-08,0.996376608928483,3.69237455873826e-05,0.33058443484613,0.00104130384526943,0.0297769800127811,5.15910780762852e-08,2.29886151008123e-05
"IGFBP7",5.59426029438279e-05,0.0519993613924472,9.62436051517636e-07,0.439092179789705,6.28942221566907e-08,0.700151224070403,1.21614381901577e-07,0.110803130472399,1.49313323924714e-06,0.381217962007291,3.86860832257696e-07,0.000144320163652772
"MMP2",1.06772724718525e-05,0.0267345536114406,2.32817350475919e-06,0.845469411629157,2.10275790222868e-05,0.313149863722062,0.000295982183556494,0.383316258950448,0.00193183343466852,0.02741420224368,1.74003226940389e-05,0.00445411488289899
"FXYD3",6.04811468018372e-12,0.0671783491086703,6.9313641156307e-15,0.947059357966504,4.37538483079782e-13,0.784370894436842,7.26447674917556e-09,0.306716210967073,9.74316125571637e-06,0.0529853702425827,6.82787160144471e-14,1.02682711515175e-10
"HTRA1",4.98777791497241e-13,0.00120882834511466,6.08720973977349e-18,0.910960828429263,3.20967619803451e-17,0.837992224649008,5.86942066796645e-13,0.725185504406786,3.64881603209975e-09,0.0900289719455732,2.22044604925031e-16,5.62404239364244e-13
"RPS9",1.71203686890533e-12,0.242485554654349,1.21948932653569e-18,0.991257301993907,3.48654940192679e-21,0.431885847042694,5.88012741423498e-21,0.692494250291694,7.06851841841155e-19,0.000222073858936819,5.55e-17,1.90777392487626e-13
"TNC",2.33116590891114e-08,0.0495387609233065,2.58651014848343e-12,0.945171015201252,4.50819050447096e-13,0.921231371754445,5.05923994473887e-11,0.27178794086659,1.0530909780527e-08,0.0566175993505573,3.80984133130369e-12,3.90095546470685e-09
"RPL36",1.14801961570833e-12,0.0567661039800915,5.01921801164055e-16,0.999418887355033,4.58768612954085e-16,0.851957382888639,1.69101197687892e-15,0.666260098666319,4.20324021850734e-14,1.43577153437543e-06,1.99840144432528e-15,4.00713020547024e-12
"PLD3",0.000891242992259665,0.140237777791475,9.11898266809992e-06,0.849999943677568,2.56716189965073e-07,0.794455211619597,1.66839259485111e-07,0.401980043379574,1.15572449550003e-06,0.0774950809886819,9.20369886969752e-07,0.000303369213901405
"CXCL10",8.89131934759718e-05,0.1043336673505,5.35452975483494e-06,0.608259384400137,1.54516922869175e-05,0.900554983275427,0.000161147252717291,0.185239123756448,0.00138931588565861,0.00504739606854853,3.70577511972225e-05,0.00857388565731621
"RPL41",1.06812499337287e-13,0.033115955814276,3.37019658246044e-19,0.999733855600845,1.2521837790237e-20,0.648039178114403,5.57623326293474e-19,0.222954024055017,1.93275847787318e-16,0.0186822150777544,5.55e-17,1.90777392487626e-13
"CLEC3A",2.24935081248109e-12,0.000271121302088112,8.18414809311113e-15,0.987983068092109,9.25997379135257e-14,0.995261105353234,9.42291639385739e-11,0.00696539616533587,1.1120560244152e-07,0.0109846007035897,7.46069872548105e-14,1.08799656487919e-10
"YWHAZ",6.73834522111246e-05,0.21305487802638,1.14251174657785e-05,0.842211375183927,3.10728470108309e-05,0.504311240216326,0.000164593043709471,0.301055562141419,0.000907749705607589,0.00786113074282864,7.04949602841065e-05,0.0151450953902259
"PRSS23",9.97745727155277e-14,1.77395254326732e-06,1.55462415974953e-15,0.994487627675289,2.04179392839762e-11,0.89915761283131,4.01653511410879e-06,0.476772067371621,0.00270707159665286,3.62278780753204e-05,1.55431223447522e-14,2.67142013698016e-11
"COL5A2",2.54252891760381e-08,0.114460963730346,3.49765437577482e-12,0.845338392635935,1.09959011464663e-12,0.420404512776171,8.75127952501055e-11,0.78474799139898,4.85894367301159e-09,0.206360643215205,8.28481727666031e-12,8.30622437007793e-09
"GPAA1",0.00612166547581187,0.267334440857834,0.000198158670796125,0.391527597203563,3.15708950001487e-05,0.894913451366245,9.64856926002699e-05,0.35462022261496,0.00062450138922077,0.679745055606956,0.000204731897993304,0.0358273577208762
"POSTN",7.83545146472446e-26,0.183939341392105,2.72473751885025e-35,0.984090887747646,8.62005889438692e-38,0.980796076609669,4.58280705741794e-35,0.331942678852221,2.04998492661264e-30,0.539646355063668,5.55e-17,1.90777392487626e-13
"STARD10",5.36341638594802e-08,0.128038791990741,4.75914916085065e-13,0.552963695880506,4.26636703337503e-15,0.732086656728923,9.8750474059872e-14,0.349258480115108,2.28991374489576e-11,0.262216815840552,4.04121180963557e-14,6.27352857974695e-11
"RPLP0",5.27878878920404e-05,0.0156677109058461,1.93635954504649e-06,0.546955102904548,8.77037136321666e-07,0.691462828081684,1.18171706902283e-06,0.66058473810348,1.20199478206688e-06,0.022706709171558,2.98163966738763e-06,0.00090244344440437
"DBI",1.05616391389034e-07,0.00680216986547155,1.79597056210854e-09,0.976376607317336,1.73782765627198e-07,0.204573537775253,0.000627924068596009,0.911303408764381,0.0490221967175586,0.0632172718079128,1.7481714631451e-08,8.99663708436829e-06
"ACACA",0.000210060862422321,0.000275182646853865,3.40048318700822e-06,0.491434084377727,7.69343609740519e-05,0.109696147595581,0.0287908322379146,0.772255386942622,0.350126126220459,0.0546351463567798,3.16929078593153e-05,0.00755044728431992
"RPLP2",6.56092634366027e-08,0.00971587957554521,9.47135687811796e-11,0.667433433693494,1.75564633825919e-10,0.763893556839249,1.75431923141108e-09,0.728585742616692,1.80785921468117e-08,3.67379067869552e-05,5.91903193125631e-10,4.19082412549524e-07
"SMG7",0.00972674382537924,0.510689454045105,0.000189871391181108,0.393391179120138,7.90699571497542e-06,0.809567190310566,3.60309847045576e-06,0.680762137833114,1.0053668287994e-05,0.062553737983554,1.96519627526648e-05,0.00500387081910889
"SPINT2",3.49118249587505e-11,6.63728576926993e-05,2.58793999512438e-12,0.98614110030076,7.32600849526719e-08,0.81879934195584,0.00239468242074411,0.609474143777897,0.15975037350277,6.54680305129935e-05,2.40925057681807e-11,2.27338901272751e-08
"COX6B1",1.36080160604767e-06,0.178863366946179,4.35187454876043e-10,0.155753631711214,4.73210887475558e-11,0.955632366413064,4.64703816050169e-09,0.0896460356490661,1.10682027199201e-06,0.541548418527508,4.22888168927216e-10,3.29070789138647e-07
"LGALS3",4.16305166673959e-06,0.0945169979473917,3.3736728708128e-08,0.832205572272404,2.19923437701105e-08,0.834474664705431,1.84745206800086e-07,0.467216560408608,1.32761606335868e-06,0.00970873945317922,1.22672208835439e-07,5.13346146263245e-05
"ROMO1",5.13464702436185e-06,0.430756137229108,2.47209643861698e-09,0.907305085465049,1.04970988797224e-10,0.91105295134886,2.54890787208234e-10,0.377383927694319,5.01317391979672e-09,0.0365946904202049,7.11547487597386e-10,4.82289161377822e-07
"XBP1",5.78805802510835e-10,0.00849112310926198,6.40862223406365e-11,0.806383316209422,6.63651551965326e-08,0.958375574520868,0.000129354376534647,0.0409566915532419,0.00537979785576648,0.000146128070015529,5.76477199309977e-10,4.19082412549524e-07
"ADIRF",0.000944451639274878,0.137577779097965,1.69624757664796e-06,0.75418546821618,3.18402192967927e-08,0.707568458977367,8.08596570461288e-08,0.468492893815297,1.18550278580064e-06,0.66363424173799,2.21199569772068e-07,8.87084504454951e-05
"CST3",9.05024763444409e-09,4.33958080153016e-05,4.68316290715448e-11,0.752518789245042,4.7345212596725e-10,0.227344373537702,8.8572203315799e-08,0.24617142005193,2.45657419778681e-06,0.00626925590088674,4.23954316097763e-10,3.29070789138647e-07
"RPL3",2.77668632357917e-07,0.00147989244562657,1.26965457393385e-10,0.507435920916143,1.28966631102559e-11,0.759282242699884,1.32775758416163e-11,0.544305784248107,2.32719211764508e-11,0.00264156343120962,4.9090842502153e-11,4.45745099391945e-08
"RPL8",1.1336626173584e-05,0.0190864273041503,9.72940259000331e-09,0.819507717812809,2.62773851450833e-10,0.624591466842936,1.20500779422928e-10,0.409594485284866,4.08648863294241e-10,0.0228692911216029,6.8239758288513e-10,4.69138852261923e-07
"RPL18A",1.87079935825177e-11,0.107095860241354,2.32673870022329e-16,0.469891390781208,2.47093678551136e-17,0.497861133336541,8.22768097595834e-17,0.954003354594861,2.62139469155456e-15,4.69340587176983e-06,2.22044604925031e-16,5.62404239364244e-13
"HADH",0.00141275957824104,0.173910188715253,5.95578229401229e-06,0.813130887739717,1.35923229408994e-06,0.718897250316951,9.16069055411134e-06,0.431774668142971,8.01733849348767e-05,0.0241014825924459,9.74662378605551e-06,0.00263861276347716
"RPS15",5.72084673144558e-06,0.0472603133922611,2.59537839150114e-09,0.808714737639422,9.04317878312845e-11,0.369298291027684,2.00643274646893e-10,0.733699597052861,2.17606945922272e-09,0.0348533497723682,5.92169979718449e-10,4.19082412549524e-07
"SCD",3.67269850421578e-06,0.000392003542252282,6.59785261001375e-06,0.951942187016701,0.000917118844632316,0.0871458580899145,0.0967847924806675,0.159748166654815,0.469977922576749,0.0101231667446876,2.33868613297439e-05,0.0057716407411795
"STAT1",0.000263695159698926,0.0938060402608068,2.82909587873649e-05,0.397177962736132,2.12732180307964e-05,0.948516716659116,6.83539738030467e-05,0.0101807730059328,0.000365490745111636,0.0444091462012563,9.65016350672476e-05,0.0188782409964775
"ERBB2",2.66097256345305e-05,0.00778053512908476,3.13725222200353e-07,0.550027098498377,4.38167667339801e-06,0.665520814625071,0.00143448666949265,0.285108662085411,0.0307144033896812,0.05098623623019,2.89503989292506e-06,0.0008873947629401
"RPL35",3.86558256412861e-10,0.178636235101041,2.68299922261529e-13,0.690564091645089,5.46627163498333e-13,0.772872876995275,9.51753493564426e-13,0.982160930304284,4.43545235231082e-12,1.01375724151682e-07,1.46305190185103e-12,1.67637974119641e-09
"CERS2",5.83866570405022e-07,0.00428348563367066,6.98591811686627e-10,0.623763871729833,2.84726082033593e-09,0.492173839714513,6.45546075523571e-07,0.612620892808545,2.18355545627563e-05,0.0140268127907053,5.59918666986903e-09,3.28604158668583e-06
"KLF6",0.0110828095419666,0.115043183950793,5.69305367455305e-05,0.470667369151836,1.09640253674784e-06,0.183274673538351,3.06364974726867e-06,0.530064158319312,6.11300418602631e-05,0.573653799680177,7.85849506912406e-06,0.00216104244780447
"IDI1",1.77101122544611e-05,0.00499821788629576,5.99565464984269e-07,0.92171416317767,4.35354959093138e-06,0.831242908343203,0.000459756063161293,0.136568601696807,0.0148746245503019,0.011142814674742,5.11101606559539e-06,0.00148170286024022
"GADD45GIP1",0.00092207097950822,0.24192642888523,0.000188994008211065,0.95458727802247,8.07605627614327e-05,0.167222293867676,4.45780945480731e-05,0.407811212240539,7.43143609906346e-05,0.0269528707605066,0.00018291010105187,0.0327225673958628
"RPN2",5.56446724483266e-10,2.18079031202472e-05,1.08630604047786e-10,0.996084714471149,3.74409687901527e-08,0.496681104356601,6.50101876068152e-05,0.328626586020366,0.00528093419715464,0.000592098745909969,9.06667740885325e-10,5.89628415978203e-07
"RPS18",2.50276205640156e-12,0.353730134340398,7.63397828589759e-16,0.737580292913171,2.05365245069923e-16,0.230874776270548,7.13650893977194e-16,0.859347364953552,4.7117792242633e-14,6.30464765079303e-06,1.4432899320127e-15,3.15713288915837e-12
"RPL37A",5.05127818976855e-07,0.00928572181656447,2.69201226443582e-07,0.962350555924398,2.55448747652737e-05,0.145578166903683,0.000248985570996661,0.319440234575208,0.000133853492484455,2.41673065260051e-05,1.72816274934817e-06,0.000547145728260843
"TAX1BP1",3.89001079356557e-06,0.292121396680961,5.23625769337153e-08,0.782027389793064,1.11252925419253e-08,0.0217468851950383,3.2112739554284e-08,0.102857448445729,4.63193996988064e-07,0.0620946759132232,7.01561220228797e-08,3.04161721243343e-05
"S100A14",0.0130677148233964,0.537803620148082,0.000288525710278322,0.192174119016955,2.6453151519036e-05,0.537021472750602,2.7150147854885e-05,0.858357449033889,8.014828853427e-05,0.169342008758521,0.000110306235520663,0.0209817401152734
"C1R",0.000773141026010518,0.0292103842376605,2.06084745096158e-05,0.553320799107927,1.64711036035431e-05,0.588275653782764,0.000302942747114277,0.712495860257728,0.00442005959482428,0.584694917819572,8.76530984575963e-05,0.0180265815000246
"CISD3",0.000560358645362652,0.607791016228696,3.81061547737875e-06,0.632406406136364,1.0710516556027e-07,0.336061197924731,1.38338072190785e-07,0.398762827068654,5.05667016550293e-07,0.752630870666017,5.3171469893698e-07,0.000188148915387859
"TP53INP2",2.52176353446586e-07,0.00949026787004353,2.30316507254854e-09,0.751412182109345,1.70564269155094e-08,0.857521520416027,1.72157971616599e-06,0.224829954932907,3.99281285078104e-05,0.00191270091938738,2.01051071346825e-08,9.97462595110007e-06
"PIGT",0.000188087653583067,0.304647950584085,3.97683481199924e-06,0.471168312254296,1.42185527367516e-06,0.643449572133366,1.68124105408915e-05,0.103645194238826,0.000197569420823615,0.7352773699019,9.75963779059619e-06,0.00263861276347716
"SCAND1",3.41550886365588e-05,0.0125083468767202,6.24059853707591e-08,0.516271660170905,5.86863122740839e-09,0.561005819124627,5.72238372361454e-08,0.650278721042353,2.45963983005093e-06,0.102485840238645,4.8939780228352e-08,2.20110215125628e-05
"HLA.B",2.80306245544985e-15,0.0043358917214059,5.04386910605553e-20,0.99899498005706,4.5932591580967e-21,0.994565001844833,4.01586996893654e-19,0.281647146368111,6.31338636095745e-16,0.00548617623303538,5.55e-17,1.90777392487626e-13
"GRINA",4.0343785531691e-05,0.451226914574314,3.68710317316216e-08,0.677318170784092,3.58771915852944e-10,0.995858872604964,1.29204564448985e-10,0.41703141374949,4.63829344987609e-10,0.251712581722014,7.86778420192036e-10,5.25874248392588e-07
"BLVRB",6.65305798629455e-05,0.0178486036852845,1.10750282892551e-06,0.993939115442774,2.42549261185775e-06,0.574241242066865,3.6826646883144e-05,0.784375541921638,0.000406623529438654,0.0466798205562572,7.35417714192721e-06,0.00205763150496602
"COL6A1",0.000450988722056095,0.00225845577046737,1.15772211066235e-05,0.651792331711248,2.54112988899799e-06,0.340258987874062,1.01893357412713e-05,0.61641896240362,7.73562403553178e-05,0.231867814272389,1.68454015134767e-05,0.00438199219538102
"MGST3",0.00493118581278138,0.537800831370484,5.49198572059974e-05,0.399177485228572,1.97720424585654e-06,0.74012322718091,1.5331280776832e-06,0.794668700561095,7.28191098890145e-06,0.103557940063283,7.61170312524317e-06,0.00211737460237809
"SSR4",0.000101746186189525,0.540104109443102,6.10231037437546e-07,0.951958225452487,2.62521666597756e-08,0.645827710988667,1.8090791907539e-08,0.853692628863324,6.48827133468564e-08,0.184926884555935,9.05552770547047e-08,3.89096838569619e-05
"MMP14",8.08427053619126e-05,0.569041785105316,3.3681371069813e-06,0.981157575001099,1.30184164297676e-05,0.827119675522953,0.000147598631260049,0.267924413592283,0.00162734035023506,0.0203403705727499,2.54151173759709e-05,0.0061461195634538
"EIF4G1",0.00516946115992137,0.331677357942468,2.49412160050839e-05,0.760284244589219,2.41273578360229e-07,0.667556738275339,6.03294714167629e-08,0.238404678655535,1.95483251150691e-07,0.0870809154208485,3.86456314283024e-07,0.000144320163652772
"SPARC",1.11447068059488e-20,0.000782299156975222,1.2629254318605e-27,0.851186394406784,1.04785107884734e-26,0.828804022451982,3.15833030253417e-21,0.917587504449998,3.24780477086278e-16,0.317506018957326,5.55e-17,1.90777392487626e-13
"COL12A1",3.50566026601904e-22,0.00214483099181093,2.49075265050661e-29,0.999712441283762,4.52948296353901e-29,0.99996837148977,2.78533069924402e-24,0.540704363018959,2.18475819787897e-19,0.00834963899017684,5.55e-17,1.90777392487626e-13
"PDPN",0.000132631988919703,0.0796942373116775,9.00999113370057e-06,0.620643337648897,5.80707702955649e-05,0.302718121609866,0.0029677014423511,0.694484664204178,0.0438219264554768,0.00970953239746757,7.34098023129626e-05,0.015701223572067
"RPL30",0.00121608149562252,0.217300658215164,8.60368931147668e-05,0.676401579614373,2.001736205944e-05,0.640370386418716,3.96234548384218e-05,0.596735811823632,0.000163503094236944,0.19507433945137,0.00010665591136827,0.020530847805349
"RPS3",0.0311176879887552,0.0104094421176042,0.000961447624478607,0.795909990572878,0.000120030714115814,0.437157518886087,4.3571648012096e-05,0.827101231791432,3.69227907583749e-05,0.0343167239995411,0.000167915235768978,0.0303787869501665
"TP53I13",0.00850537733347356,0.243864344991716,0.000349360770738186,0.687628417437663,2.9818617011738e-05,0.966411091396942,3.0225045532753e-05,0.12654047333725,0.000116130253916998,0.691799320783488,0.000127895224152907,0.0241366008307486
"MGST1",6.65374068594067e-05,0.0116450277279624,5.02894960409231e-05,0.484188729561497,0.00110140706067145,0.765272212842964,0.0413457336994026,0.0150212543570683,0.186319132924835,0.0672056603344264,0.000277666353392991,0.0465589653982531
"ANXA2",9.73627308380291e-07,0.0622223327401482,1.07059237657616e-10,0.212642538815494,1.80338088915573e-11,0.876203918719684,5.22666432937619e-09,0.660105290778633,1.31997622373093e-06,0.939329231129777,1.5388157414975e-10,1.32239303910723e-07
"CD74",4.60193454098796e-05,0.0975199638538453,3.18722906437486e-06,0.955970039521935,1.95469534933412e-05,0.605567139310795,0.00115671107372183,0.40635726406458,0.0246893718890206,0.0172839303257466,2.58003932130935e-05,0.0062080940894497
"GNAS",0.00020131286346736,0.167213747140902,1.355891337685e-05,0.0349759706756742,9.75651831759126e-05,0.17612002824799,0.000975315592867002,0.808502126304646,0.00242665684989149,0.00169702790447718,0.000109853617829447,0.0209785653301643
"RPL28",4.43947466796789e-12,0.00014820160100104,1.09740213300944e-14,0.628147932522558,1.53446842359105e-13,0.430590656920642,3.07358204660751e-12,0.275637926921775,7.44445394639351e-11,5.70388814255941e-07,1.02362562870439e-13,1.4074567807404e-10
"RPLP1",3.03792174801678e-06,0.0334906587349537,8.85943894239315e-08,0.830391568598845,2.73927612175622e-07,0.691282006757644,1.80916765675058e-06,0.839791598565043,5.4727200505673e-06,0.0024266605627524,6.24880418298446e-07,0.000217911319424698
"COL3A1",4.32150417957821e-31,0.0171818077000996,5.60437909411335e-42,0.975560561463419,1.41701134655538e-42,0.997602442747777,2.6134547722202e-36,0.677889855587075,2.51730630136674e-29,0.377211188558327,5.55e-17,1.90777392487626e-13
"MMP11",9.67812849807222e-06,0.0563788611224767,8.27363115633731e-08,0.898386809550356,7.7878394255141e-08,0.889009254809173,2.35128940637144e-06,0.430620278768159,7.59488669920734e-05,0.050456932735848,3.92635197909996e-07,0.00014534759107219
"MGP",3.2910011979298e-07,0.0191592861500425,2.41757224439185e-07,0.691205230020601,4.6499999847126e-05,0.907164254468301,0.00168288078640803,0.0792335733805807,0.00908806024691312,0.000707588912063476,1.3891503684027e-06,0.000446134981196335
"NDUFA11",0.0108175675862443,0.739497542485248,0.000959634608234761,0.561315808143987,6.39795817077549e-05,0.708387530447526,1.04311227166847e-05,0.253822094966712,1.08487247659439e-05,0.221263680773853,4.88259760658138e-05,0.0110835027700993
"FTL",2.81469869729406e-08,0.00109914498765566,2.14325666059126e-09,0.814920158774009,7.56781127330982e-08,0.547097034218554,4.88247707084118e-05,0.0814232186612125,0.00436400196780455,0.242937426045154,1.94045544077426e-08,9.7273468641343e-06
"SERF2",0.000265367711964067,0.194921201018828,1.97628389696359e-07,0.456046113225491,3.11558619631777e-09,0.444548569888191,4.5013905036268e-09,0.931583141325871,4.79148991312907e-08,0.321459656294145,1.75730074936098e-08,8.99663708436829e-06
"CHCHD2",4.301665507991e-05,0.0172565567945017,1.20556960746049e-05,0.946944193103212,0.000158237436707166,0.133089772903927,0.0124112800873764,0.657559117343374,0.176111352088448,0.0350201502221687,8.8752074853593e-05,0.0180979120368064
"HLA.DPB1",0.000150021432833496,0.00658849678638012,8.4756400727208e-06,0.723764851249099,6.07188281154797e-06,0.188838047878833,0.000205273825099339,0.0280444350565167,0.00795161952358566,0.820267575075719,3.39528481803075e-05,0.00793178534130519
"LOX",2.43103484171176e-07,0.0144963162052538,2.67164984886931e-10,0.974596398019134,1.30604961845764e-10,0.477638122818468,2.08942970612623e-08,0.453347722008107,2.06717166542422e-06,0.220556187836303,8.73199401674185e-10,5.75642075681645e-07
"MIEN1",2.08200231627465e-06,0.000707542257305307,8.4139026899887e-10,0.869914415505389,1.02738445677597e-09,0.56284123045406,8.63921434012494e-07,0.996137406407125,9.38036635169306e-05,0.609387951087817,4.62213134433398e-09,2.74611818896742e-06
"C1QA",3.15477306415471e-05,0.0669465284319841,1.43228246555466e-05,0.56053601929916,0.000113096461788594,0.746158444409556,0.00311587101201405,0.00822515733784841,0.0451456156309088,0.105358821269063,9.02174422576785e-05,0.0183190996671243
"APOD",4.23856172157852e-07,0.2451837903193,1.02393079790819e-09,0.907750254219776,8.61060652447435e-11,0.204915381561041,4.09048465608451e-10,0.275453381527653,9.91086159279933e-09,0.0485083213738387,6.60582144540456e-10,4.60722795882065e-07
"RPS19",7.06499447034226e-06,0.0583287082881279,6.42084379793847e-07,0.837890175875834,3.92502878054067e-07,0.851606510421006,3.85020770101382e-07,0.0132486059231118,9.96992068109748e-07,0.0205314448944543,1.27435104990692e-06,0.000414370974654437
"ALDOA",0.000249879658118778,0.0203907492164548,1.84954134893324e-06,0.514922038604376,1.24657266959349e-06,0.684492710481064,5.34283582931886e-05,0.205906438798471,0.00183261875909306,0.141540778677121,7.31959466859777e-06,0.00205763150496602
"CALD1",2.9605666800785e-05,0.308236796802218,1.68577884820154e-07,0.425079898867811,3.18727170941144e-08,0.996004861140937,3.90746211051032e-07,0.563816541455688,8.67695340493969e-06,0.981581468390808,2.49908152172296e-07,9.85785790665543e-05
"RPS11",0.000234149034327506,0.106655188175913,2.40865996335307e-05,0.315664914087764,3.82654774614852e-05,0.955613587099553,4.57323097239103e-05,0.260444647536487,4.33215690179039e-05,0.0013093475408341,8.50153612554916e-05,0.0177111754755296
"GJA1",0.000163635712319827,0.0250961993436442,1.11812401825598e-05,0.900164597940374,5.957332462884e-06,0.570684392382288,3.84559195319488e-05,0.0594553397828355,0.000424710872862391,0.303455076080753,3.42684530052484e-05,0.00796684036427422
"SH3BGRL",3.16781200423328e-09,0.000559538707569596,2.82733985470454e-10,0.940831814352889,8.41261267311516e-09,0.895501270537241,1.8202905862301e-06,0.1013117930108,7.5990521668032e-05,0.00708698459657476,2.51762211078699e-09,1.57348200348938e-06
"SLC38A2",0.0102266859274572,0.876375333219616,6.41842176441685e-05,0.555103711944944,2.97147597690776e-06,0.179351910972441,1.23650356688687e-05,0.899349882089117,7.80617187844004e-05,0.914350449853358,2.24280457130632e-05,0.00562149935400156
"TMSB4X",6.71730080950807e-13,0.0479904887707079,6.25839855001557e-17,0.948305891301182,3.33847391454354e-17,0.683264222292909,9.10712441825709e-15,0.0722676351561881,3.73653255227269e-12,0.00480335711416711,4.44089209850063e-16,1.06856805479206e-12
"EEF1A1",7.30807823992207e-06,0.152674120563418,3.31396352409838e-08,0.674891591535424,3.61650976759398e-07,0.595470234655237,0.000171803387555545,0.334865536089419,0.00544563386499688,0.0183073112781724,3.02266917162619e-07,0.000117308881151091
"LY6E",5.07214884666375e-06,0.0148230496092231,3.05563912372631e-09,0.771833550657949,1.82605518729368e-09,0.800907531125361,2.31110215242666e-07,0.886397927253193,2.13968244847756e-05,0.381428454874351,1.13705720394819e-08,6.07907926027226e-06
"MAL2",1.00388099493545e-05,0.0147448649928194,4.14576209076039e-06,0.842740087609989,1.87806582949473e-05,0.671046860166506,0.00013734666436504,0.0766868597313596,0.000598504281826925,0.00262035068938927,2.4784621883378e-05,0.00605449650284324
"BAMBI",0.000121188716908747,0.11679586014887,2.53180544394221e-05,0.903221283815069,2.09321817702958e-05,0.989595054129556,9.77547675383887e-05,0.0249113315962675,0.000641381589798204,0.15573203089727,9.32320167027489e-05,0.018507507198793
"ENSA",3.83765197518078e-07,0.0359050057776295,6.112877154553e-10,0.836664894275878,9.43012925746285e-10,0.650788018261141,7.02003976239953e-07,0.291487517398928,0.00016207716582889,0.689077280405354,3.70321284748343e-09,2.2276689351743e-06
"CXCL12",3.9134588209639e-05,0.0600798226423223,1.20427625170166e-05,0.430871356407591,0.000185609038004981,0.778244766617845,0.00377228579005341,0.743548127628536,0.0180091164902381,0.0218705939049489,8.74473628930117e-05,0.0180265815000246
"IGFBP5",2.65489854731474e-11,0.00479614092376389,1.32235267654428e-11,0.765421294795114,1.37919662847002e-08,0.923394076902627,6.91750820923509e-05,0.000879438868712097,0.00978357671017911,0.000608304570549034,8.82135475777091e-11,7.86146507325386e-08
"A2M",3.23072070067999e-05,0.065707667640644,3.51121639409878e-05,0.874350131183355,0.000411190735380711,0.671981840030534,0.00550530187757626,0.003302314654317,0.031430296668177,0.040063120799908,0.000160226829592047,0.0293184800867207
"CD24",3.4610615554667e-08,0.00109813246334293,4.58086028804912e-09,0.90297330490581,1.6896024886036e-06,0.309399614675217,0.000571335177658611,0.184121954472232,0.00865927877828615,0.000187505488205986,4.03563569228993e-08,1.86741385337334e-05
"SELM",1.92755645745266e-05,0.301842974309555,2.28902907385219e-07,0.899225049712391,5.96535046529183e-08,0.733860054934101,8.95135854268759e-08,0.490953505561888,4.53615809453339e-07,0.0484315403666443,2.89351635984758e-07,0.000113209479052635
"CST1",2.6257186953414e-05,0.0359952700239106,3.63093909641222e-06,0.975251457738167,9.12351562608106e-06,0.293742582443576,0.000820642029649894,0.0361917021310344,0.02176404339111,0.885571443302806,2.35640189545361e-05,0.00578569123896446
"TPM4",0.00732344291984205,0.00678813346516479,2.59957756902628e-05,0.637960140445912,7.87180523058669e-07,0.895417453249581,1.9238957020292e-06,0.74251610814254,1.48698902832656e-05,0.394798573931619,5.27391573923452e-06,0.00151072656596188
"DCN",3.74146828733839e-13,0.0441198755451104,1.43762757217838e-16,0.727242297408902,4.99611307130344e-15,0.919740749387488,1.43021621770145e-11,0.737116610231401,1.06164024938454e-08,0.0593561932172438,1.55431223447522e-15,3.25216364501932e-12
"RPS27",6.39255462527671e-08,0.00049714598994216,4.52994463583469e-09,0.948725703554066,2.56727193823259e-07,0.790884474114004,1.73029115940138e-05,0.882407141631354,7.56966907681586e-05,0.000438214829898134,4.16030663252798e-08,1.90676865177817e-05
"CTSD",3.61639538058876e-09,0.278029803857357,1.27175409927375e-12,0.97262042046901,3.80391631344002e-13,0.650066736080599,6.04447705340096e-12,0.608944526635895,3.93555006934786e-10,0.000206428074084422,2.79065659469779e-12,3.05221893468787e-09
"RPL10",6.46800733082727e-07,0.107575340133115,6.8464084652999e-09,0.88933340848336,2.06414916340732e-08,0.0967189937396727,9.26082679867999e-08,0.804841618305295,2.17031943740715e-07,0.000594577792254462,4.72899004400062e-08,2.14696268157766e-05
"AEBP1",1.17719827447179e-09,0.00155924942967142,5.01608845377105e-11,0.939761570348187,2.83574618355238e-08,0.622315587839373,4.15734599905565e-05,0.167063628384887,0.00300134494819835,1.24113420802865e-05,4.80291473259342e-10,3.61149371800227e-07
"WFDC2",8.07580515215948e-07,0.0351420453225796,3.77616198932318e-10,0.875815536320987,6.61604452607364e-11,0.853757648574214,5.57251633960966e-09,0.288402270818406,5.37229741974532e-07,0.275856499703752,5.57242696430649e-10,4.12565577410777e-07
"MIF",1.07554632658333e-07,0.0382326421452931,1.21526796538615e-12,0.802553088210177,4.65443371201245e-15,0.554059004935022,2.4727461141067e-14,0.594836450428042,4.1889741008693e-12,0.115181706878576,3.93018950717305e-14,6.27352857974695e-11
"TAGLN2",0.00267835625497099,0.158060384505537,0.000121875296900849,0.616760941036114,1.47921589538157e-05,0.667518460904226,5.20827942661315e-05,0.207573077670611,0.000524778082633047,0.734426535857532,0.000102783747885749,0.0199450316597269
"C16orf89",0.00169801616274437,0.283951568212396,3.77893824510558e-05,0.770313413817196,5.54957152164904e-06,0.887567501373572,1.24166269589356e-05,0.4560939187546,6.99080129414057e-05,0.440897300640283,3.31039648560072e-05,0.00777120046998328
"GSS",0.014631983876559,0.0389240137664586,0.000162047141612963,0.382150302028999,4.02796586005651e-05,0.599511543471266,0.000247457999185105,0.891209449448129,0.00159046555617032,0.193020465351882,0.000279664971093885,0.0467312659769682
"LUM",3.17645638886474e-19,0.022387307730505,2.50425889842314e-27,0.989075456820408,1.36160081191743e-28,0.968044737570269,6.05141760430894e-25,0.841512079162021,1.02381416939395e-20,0.269665292448169,5.55e-17,1.90777392487626e-13
"HLA.A",0.000995135973921631,0.00357421286631875,3.4023578353317e-05,0.759712280609721,2.66289004850028e-05,0.567252452993997,0.000385174750375195,0.188649226384337,0.0033046716848691,0.19341174050941,0.00014058131386685,0.0261209997487238
"B2M",9.56043757228514e-29,0.000777212795187324,1.10325447841542e-39,0.999693553014656,8.35613574160352e-42,0.991384728614164,2.66704760926133e-37,0.67818060098656,1.38705231521894e-30,0.000487544103631497,5.55e-17,1.90777392487626e-13
"CST4",1.17336519676806e-10,0.00318264207166611,1.28582596684188e-12,0.998306614017075,2.54049397647777e-11,0.731027519830353,8.58848842533668e-08,0.0577454962604186,3.47125083128067e-05,0.362913149755379,1.21122001317531e-11,1.1657756907365e-08
"CRABP2",0.00034988169729611,0.301932367028666,1.49831591560419e-05,0.98959538685248,2.66006503266513e-05,0.451019094146928,0.000350901846993174,0.45564845741052,0.00249392008483348,0.0913861800422988,9.06114851748629e-05,0.0183218048448241
"RPL19",1.95471888891071e-05,0.0132422756853227,1.14401481707752e-07,0.900786822636265,6.57669920947134e-08,0.213987928029693,1.62513671685953e-06,0.253857341119112,4.96817700074667e-05,0.174918964948657,4.05958850535626e-07,0.000149132630970971
"RPL29",1.34221945463723e-14,0.014360747933921,2.83426132781409e-20,0.988652545944684,5.62182888704204e-21,0.693733379410437,4.29996264770962e-19,0.337124474302595,1.67859644059662e-16,0.000697459147249432,5.55e-17,1.90777392487626e-13
"GNB2L1",1.27027908341415e-05,0.00515154162453632,7.10664506627498e-08,0.588360085535545,1.24579779860742e-07,0.680086847739357,1.17972194391973e-06,0.559458349034327,5.3950281595218e-06,0.00466019964718162,4.30840170428937e-07,0.000155892962149562
"SAT1",1.92497221785144e-05,0.00614496135360579,1.87533672627148e-08,0.967014707144242,5.18377714708241e-09,0.364018105153252,2.59972626434722e-07,0.604729352661733,1.63125382286353e-05,0.0803732419325395,3.99691055807949e-08,1.86741385337334e-05
"ATP5B",0.00127094245679861,0.0134267614483228,5.00006948873435e-05,0.818487522314157,5.59262331208109e-05,0.288903577207952,0.00197134845436326,0.760390268162071,0.0596087365339757,0.0972516900527297,0.000254649411422947,0.0433030216749052
"PAPSS2",0.00220107700145727,0.0330751478019777,2.59102416679719e-05,0.87580979794229,1.24622762971774e-05,0.529514557401503,0.000115979614538243,0.8742625925856,0.000696681149798006,0.110541783788146,7.72963736445087e-05,0.016386840383941
"GPC3",2.68695460721766e-06,0.00164206565836878,1.29737750196004e-07,0.854948462926105,2.9842656665611e-06,0.572849949765515,0.00014889206863973,0.107297404021449,0.00177593866951888,0.00094338410811125,1.18707517438033e-06,0.000388617943294847
"PPP1R1B",2.02800232511614e-09,0.0185938297286158,7.52231387835296e-13,0.966556357862546,5.33085926476499e-13,0.840720653915974,1.48476624233084e-10,0.518486935014938,3.53960137840095e-08,0.225497651034879,3.11284331644401e-12,3.32894568002887e-09
"SPDEF",0.000871679432587182,0.211973603649311,1.62161333436495e-06,0.931909622728093,1.07197142597537e-07,0.77627938114496,6.46003928113891e-07,0.58931777468079,1.0094492895634e-05,0.424381265082533,8.62555886493865e-07,0.00029027736163323
"SQLE",0.000205557838515708,0.00281667925928258,6.8166544951987e-06,0.910885063831407,9.16990014029584e-05,0.785619966541634,0.00538589138046802,0.714711207608866,0.0422201402493531,0.0131402297810935,6.13149036212679e-05,0.01341236396961
"RPS14",7.53812336949356e-05,0.658606657019291,1.58050569318977e-05,0.970320554278676,2.28913633744936e-06,0.27147778228259,2.34091686399145e-07,0.441882117434958,1.53629765212439e-07,0.0192343705809001,8.85395434413461e-07,0.000293853749881315
"ELOF1",0.0275846036554053,0.27361100072987,0.00105176207683951,0.0608421367128175,8.39013705605828e-05,0.36715950267001,2.33683438759623e-05,0.702185415925751,1.50398452441964e-05,0.0684414866102567,8.18189419906634e-05,0.0171193781219782
"RPL27A",7.36436387097146e-05,0.0364614605457195,2.26500083241669e-07,0.986470029023641,4.67767354159336e-08,0.137105177809545,7.72283587596872e-08,0.991613893087727,1.83614549788715e-07,0.0049042515624419,2.26236232858668e-07,8.9978500524756e-05
"HNRNPA2B1",0.00201839650637848,0.0947868509039216,8.98996355718152e-05,0.697705267537929,2.89189179308662e-05,0.290372483574788,4.93160359216925e-05,0.531638505017614,0.000157487323956103,0.0817502080936239,0.000137272955163859,0.0258051851233983
"ANTXR1",5.7459467680728e-08,0.0616280971624772,1.57395852018322e-12,0.471856788565264,2.18872967054776e-13,0.687803872867443,1.3394472365057e-10,0.798389697286669,5.37554367256163e-08,0.337097113026929,1.91913152036705e-12,2.14782179013205e-09
"GGCT",0.000680849606840795,0.0565291398989501,3.37575370958063e-05,0.540277740018525,2.76625047043531e-05,0.444957824923643,9.52679794243969e-05,0.399411624547418,0.000274278813799389,0.0738566442150569,0.000122825389865522,0.0232710723230109
"FABP5",0.00147877900148149,0.550809974208107,0.00016443102840305,0.303051902376594,2.06140926020402e-05,0.812639400478401,3.07054389414752e-05,0.159180217836315,0.000153515254921005,0.54822271282014,0.000105985941108888,0.0204838164037346
"RPL11",5.28208527719332e-07,0.0174249555577836,1.06985680361368e-06,0.676741154177166,0.000330980113499318,0.604985975864793,0.0316294426815169,0.0164972296733209,0.105237734834348,0.000600179888719976,3.53015194609618e-06,0.00105518712630058
"THBS2",1.01287928184562e-10,0.0717889153875284,2.32278826650127e-14,0.999660024654331,3.63377238373509e-14,0.728176082712165,1.61292144e-11,0.565010626542584,4.33358956411512e-09,0.105477046372373,1.41442413337245e-13,1.89077180806262e-10
"CD81",2.82876033249117e-06,0.0965925249361964,1.66352533949657e-08,0.830131807915206,1.43818080171913e-09,0.648610684696143,3.55584501336271e-09,0.413814872154632,5.1165290899075e-08,0.26589390911854,9.46466638396259e-09,5.17588477251584e-06
"COL1A2",1.41244847529758e-26,0.00359741353351492,1.47530439862843e-36,0.996829463446463,5.26685723199696e-37,0.730595139415242,5.43920886868826e-31,0.600780988335654,1.16448885497137e-24,0.551090288510289,5.55e-17,1.90777392487626e-13
"ZG16B",0.0189104753994217,0.161564549908584,0.000332976761268386,0.227747584217041,1.55244891955052e-05,0.611780580276847,2.5677844150165e-05,0.940453495497009,0.000126744161694291,0.625276701615357,8.74932052511435e-05,0.0180265815000246
"APOE",0.000210332086038805,0.0430351434944011,2.5305521887513e-05,0.869067063674328,0.000406450420429757,0.281211189035144,0.00387558934089112,0.482729341237772,0.010281647354194,0.00107851164007989,0.000208190788036688,0.0363006488798908
"TIMP3",5.73338067627573e-05,0.00782692545693042,1.2732277121335e-05,0.733882988423848,8.36497083056895e-05,0.0429147060519391,0.000889498271485066,0.370908454922873,0.00389887840115647,0.0453248928801375,9.13334593857229e-05,0.0183905182403225
"C1S",0.00011062317320767,0.0604341903016916,4.26904146399364e-07,0.915508829949896,5.51625595130092e-08,0.548364879500349,5.10996293099018e-07,0.966611748658044,1.04808002634405e-05,0.60927047773284,4.4381184427511e-07,0.000159388157816729
"NIPAL2",0.00339340152853505,0.156318722893163,4.94031376180165e-05,0.479336418315204,1.34123265687633e-05,0.828948979904614,8.46907736256645e-05,0.34274259275581,0.000697555799633085,0.274844441513889,9.2301150909524e-05,0.018507507198793
"ADAM15",0.0003829980079511,0.7720161718798,1.68250774775535e-05,0.241542696287935,4.82568885271226e-06,0.979088888525546,1.64370999066673e-05,0.0606429250511163,8.98836652020793e-05,0.485811985618347,2.9308132317829e-05,0.00701704153752753
"AZGP1",3.13491407844254e-11,0.041163718769618,4.43988963049516e-15,0.74187056046939,2.15366985974267e-15,0.946184193413854,3.55128933456971e-13,0.210268685619603,1.1842429876028e-10,0.0920460818436511,1.46549439250521e-14,2.61205524504726e-11
"SYAP1",6.77292813805611e-06,0.0104068603882999,3.29634832534224e-06,0.954742139695515,5.28390415417257e-05,0.0323318257886247,0.00400450300562254,0.142193004583722,0.0321512582721584,0.0452549190130903,2.12606652448821e-05,0.00535680014070965
"COL16A1",0.000207340640966989,0.0555312520612808,1.87684502312575e-05,0.539623095653749,0.000139754518294158,0.75655576790009,0.0060810555794158,0.0639784743935148,0.0618445677574196,0.279918315475364,0.000152737371789335,0.0280547228770617
"PMEPA1",0.000507627915361361,0.4624457817917,1.71298430965324e-05,0.848466166592138,2.42540534576979e-06,0.869830509838008,1.0055194688368e-05,0.346446920049092,0.000164763262234809,0.269516434174575,1.72962004221233e-05,0.00445113804795152
"PODXL2",0.00345028443091709,0.513748083038429,4.64859515992828e-05,0.923449069498137,8.9708882704331e-06,0.909178436404415,2.90455106179005e-05,0.589195103994039,0.000180591633396644,0.136017716210648,5.77294544044094e-05,0.0127927871697284
"CYBA",0.00054687511209899,0.686953970544879,0.00012298531749592,0.971497385138494,7.2871296590526e-05,0.860886752193585,6.33538199612288e-05,0.447359479327035,8.67573093996684e-05,0.00916417666751955,0.0001958517315932,0.034651375022888
"FBLN2",0.000649064481718954,0.0546596301258818,2.74604801506605e-06,0.203321089916979,3.15851078874832e-07,0.474345754542961,3.32067295592882e-06,0.894045635568014,7.46983075465552e-05,0.571239944101635,2.5999058328452e-06,0.000802038066187348
"TPI1",0.0310140381833271,0.113371149806993,0.000846070622589418,0.53535281071479,5.22948638506662e-05,0.371186021844519,5.74024674788741e-05,0.701528345878617,0.000192787215126619,0.481058126739646,0.000232819885586766,0.0400151087310906
"SOD2",3.89124196735518e-11,0.000376745025694096,4.30169349891465e-15,0.986354215521511,3.79781685520737e-15,0.727829534742672,3.01002594164844e-11,0.309623078697713,8.65760309252359e-08,0.651122033807123,1.99840144432528e-14,3.31624568728571e-11
"C3",6.43928625102814e-07,0.00399576964058495,3.54380872786788e-08,0.883604883870913,1.16497347775241e-06,0.599692849876986,0.000884798884792076,0.181298222933074,0.046992650523033,0.0487037571058627,3.26466644606782e-07,0.000125687116784393
"VCAN",8.84033188877748e-10,0.0251797141816454,2.84307920951959e-13,0.899831320997015,1.32360121755536e-13,0.333642013675701,1.68708112752026e-11,0.108404620903557,2.12750106834638e-09,0.460292318708305,8.98170426921752e-13,1.09180940998379e-09
"SERPINA5",7.4871256773855e-08,0.0113338150409136,6.78294778233931e-10,0.885339649705149,8.00375710948492e-09,0.564225472451608,1.68606869499195e-05,0.0460199185864446,0.00266750551353113,0.434340805870739,6.20100193415851e-09,3.55258552495341e-06
"COL1A1",1.1067749661761e-27,0.0060475984463266,4.05390791367954e-37,0.99966020621574,1.79513443591173e-37,0.980900719439571,4.91631491901694e-32,0.467569262917874,5.20975685947227e-26,0.221831635383894,5.55e-17,1.90777392487626e-13
"RTN4",4.47792404537373e-06,0.00774840230843863,1.08719598531408e-07,0.983835919165188,5.42502035197892e-07,0.803769427638461,1.87265407136485e-05,0.693050219051979,0.000186724830942627,0.000733785608794823,8.83019246611383e-07,0.000293853749881315
"SCGB2A2",3.49785813441724e-05,0.0679559665473446,5.54398749876236e-07,0.918859682590266,6.90930784299895e-06,0.978554776632443,0.000385219506066688,0.639974622265242,0.00301313202950053,0.00368534400390977,5.04991687622081e-06,0.00147286264099866
"BSG",0.000305600962368153,0.00822011104952733,3.04068812530643e-06,0.843582103691085,2.88347281399285e-07,0.0941577958823082,1.46183519464312e-06,0.28895634791247,1.52283041253761e-05,0.466550736394788,2.19777651200292e-06,0.000691280104955136
"APOC1",4.60246497378894e-05,0.00131523221774063,2.15780007780277e-06,0.991848627699155,1.0130350426602e-05,0.327289639532021,0.00147898182624062,0.0990669048635528,0.035721768260142,0.151015641252942,1.7087147898831e-05,0.0044209804607819
"FAU",7.52027872537649e-06,0.271258350002454,9.42440650877381e-08,0.360011483506785,8.52926687182975e-09,0.966549284159756,1.40934872674364e-09,0.364216948702618,2.36822529276285e-09,0.00206199313532599,7.9378166262245e-09,4.44185698972228e-06
"CCDC152",0.00199046310211585,0.311938126659844,0.000153706424891828,0.801597864886889,4.32773847614776e-05,0.722538989592322,5.23207658687706e-05,0.0554127714415922,0.000172960743134477,0.0167159759931491,0.000181546470777727,0.0326081836663773
"PSMD8",2.21804099340593e-05,0.340597199941185,1.49729100526803e-07,0.840909657544101,4.98526907977203e-08,0.462732843819191,4.73924906515017e-07,0.432985986543771,6.07316043803946e-06,0.151912647094638,3.44143903374672e-07,0.000131056684558431
"YIF1B",0.000371544191284848,0.104094336967028,3.30781740267288e-05,0.648447572796031,0.000125985833954724,0.853547980556082,0.0026913753846966,0.355444259579997,0.0269232040601953,0.400169662438368,0.000242290397859946,0.0414946250263946
"BCAP31",0.0059910376906175,0.404288890800616,0.000132969795436262,0.788016782684073,1.38344431761448e-05,0.406028443467688,4.37150398554315e-05,0.285947820839913,0.000250171859659199,0.379197775922193,9.35934178789566e-05,0.018507507198793
"ORMDL3",0.000241015203019469,0.0527348638036099,7.17418051245939e-06,0.943907484068963,1.44668971492773e-05,0.777528065480322,0.000186575865950401,0.179618346996695,0.0013386975094588,0.0528228639564003,4.57061264822478e-05,0.0104741088660575
"RDH10",7.10707408917895e-05,0.0409186101766017,1.18406670138448e-06,0.727798048433856,6.87725890846338e-06,0.740660851079744,0.000391718494529203,0.626706692994292,0.00359956539382411,0.0159744439988486,9.93112997438317e-06,0.00265514425761354
"FCGR3A",0.000108351721330321,0.0174677152769749,4.01055378122554e-08,0.648172105859571,1.91977761095749e-09,0.98778403161687,1.75591318073691e-08,0.856527976884101,5.17929536852551e-07,0.4147796502745,1.65366267346201e-08,8.65009859099251e-06
"RAB1B",0.000561561520420337,0.0491815736117515,1.96467476778669e-06,0.654904431302514,7.64438357455085e-07,0.680739845362031,1.1514875772967e-05,0.993482398983824,0.000140430814700452,0.0819775169209917,5.22804484193173e-06,0.00150655431607376
"FN1",2.03499250300533e-30,0.00687351610111834,4.23339008455896e-41,0.975473750476178,4.72667786829908e-42,0.999967911296177,1.25358328064196e-36,0.72100729030544,2.50144122498726e-30,0.130734856544768,5.55e-17,1.90777392487626e-13
"IGLL5",6.63863607179002e-06,0.0953500439460313,5.17375274644945e-06,0.9888003321444,5.38023654831807e-06,0.0934590413085054,1.2645176344611e-05,0.00983600979852971,8.23192791875226e-05,0.0498102687151398,1.6101392303014e-05,0.00421121650468573
"IGFBP2",0.0143109797556881,0.583486825930796,0.000606404893171575,0.562913650677845,2.84647332723664e-05,0.205665619924711,6.35144760088626e-06,0.93531116621699,9.16246926777352e-06,0.194997038451748,3.29568226622445e-05,0.00777120046998328
"FOS",0.000107114483892578,0.0596669939640853,6.37443162278666e-05,0.987659574842731,0.00163913323130576,0.102151927450221,0.0102655810266032,0.0277172720417061,0.0217231998971314,0.000122042279757858,0.000294535271661123,0.0490457555238012
"CD44",0.00181933907178295,0.133910373428378,7.53511978676454e-05,0.834072904082693,3.78310850913973e-05,0.300338725321585,0.000103774660286249,0.494196427010136,0.00033344790688463,0.0134654867040414,0.000188795140581566,0.0336494515390978
"ERGIC3",1.81275566463543e-05,0.0405285845508566,7.51492316453904e-09,0.73981745253768,7.16956065971257e-09,0.82682340630063,1.74513843234368e-06,0.362364333472943,0.000161976168424539,0.251651663346984,3.66057000267261e-08,1.74417197427459e-05
"EIF4G2",0.00241056572543191,0.063814387477279,0.000252629659296503,0.877469647975974,3.45152591864997e-05,0.644245498346083,1.13009860769459e-05,0.264942938817435,1.17163526514818e-05,0.0321793510862312,4.82568324157162e-05,0.0110062232365618
"HLA.DRA",8.71976190327721e-08,0.0124577800916824,6.89202818131428e-11,0.967554034479857,4.9150115300809e-12,0.113288095971857,1.47025689380732e-10,0.211702111651981,1.65314039835393e-08,0.720188937413722,4.44759784556936e-11,4.11608304828769e-08
"RPS4X",0.000402723511001947,0.517701092227791,2.72424731951278e-05,0.23284857212422,6.8160200415843e-06,0.979552638379988,6.41683755102756e-06,0.344635199232042,1.02190017216164e-05,0.580835564848933,2.27502337194485e-05,0.00567270912054579
"HMCN1",2.92437126775167e-05,0.0540994978406385,3.51485309603983e-08,0.625859694668847,1.5010099502263e-08,0.693216758540036,1.9527667703723e-06,0.808606481996291,0.000122069455480474,0.53830427848474,1.04572984382933e-07,4.41445010262611e-05
"COPA",0.000215782757085725,0.22803025111257,5.1083683057742e-07,0.961757076699803,1.55162722772499e-08,0.703776596703221,2.79774588675999e-08,0.384187122687479,2.93993954220229e-07,0.340965767344606,9.47372106319122e-08,4.03463369565017e-05
"MYO1C",0.00261329871586896,0.0930113076523266,8.29346737457332e-05,0.630984704156626,3.59829246617898e-05,0.593805019107776,7.16597731978316e-05,0.332041167287511,0.000149857949984311,0.152645237052341,0.000164270767214925,0.0298315880222248
"HLA.C",2.13557143151242e-10,0.000323194983141099,1.04184801035372e-11,0.912258936202711,1.13768822058074e-10,0.948474970583899,8.30469157223609e-09,0.096523165092422,6.20858158770636e-07,0.00141386491641347,9.1259888534978e-11,7.98507878878961e-08
"MAFB",2.05333157250682e-07,0.001538303202727,4.76707191323975e-11,0.811264529115936,2.57980459510695e-11,0.905108052970134,6.36169151750098e-09,0.569505906864738,1.78558180267619e-06,0.238659638268121,1.66938018963947e-10,1.40942626682435e-07
"CTSL",0.00040451897711281,0.334434085483203,4.17800313749318e-05,0.965971559717664,4.34606861394648e-06,0.764513489708972,6.83988111036588e-06,0.0678278463969811,3.89410479596872e-05,0.604113387453151,2.33446480217836e-05,0.0057716407411795
"COL10A1",0.000245611670947433,0.494920961080469,3.16649435306319e-07,0.289031639669538,7.22128813636892e-09,0.977249847612262,8.88683536568959e-09,0.30639909778831,4.76757779036605e-08,0.493113356069852,3.63447959506047e-08,1.74417197427459e-05
"RPL13A",1.9484555736514e-06,0.17441073787621,2.61708263641659e-08,0.849294362690964,8.69450250862694e-08,0.9311615967601,1.61336825094179e-07,0.544252258222105,1.50537712138987e-07,1.65451174784698e-05,1.58411511130829e-07,6.51572634896277e-05
"CYC1",0.0180666889995865,0.324449020253497,0.000662998093273396,0.978761477884338,2.61051081184416e-05,0.0971235797359214,1.23846317354051e-05,0.115089952536262,2.824858341931e-05,0.725424002117063,6.41083094262695e-05,0.0139599547941682
"VIM",5.9115849455271e-09,0.0282407361765627,2.37519995720354e-10,0.880619862304535,2.20105862832178e-08,0.543362124928746,2.18992683234339e-05,0.355441950017623,0.00137310444842524,0.0565415153943465,2.25998419978168e-09,1.43104658553015e-06
"KRT19",1.25199675211181e-07,0.184146574998361,2.76408027970019e-09,0.899526962681378,1.54816617031165e-09,0.614542545713197,1.89246560586134e-08,0.365377102709491,2.30390292946366e-07,0.0791474385368792,9.32072152792784e-09,5.15575464198383e-06
"CD55",0.00016116041489873,0.359145846602191,1.78940058466703e-06,0.702014549614912,6.13122142405156e-07,0.911280909819105,1.64445466534219e-06,0.289903855840066,7.72704491745553e-06,0.20750560432399,3.40882470561965e-06,0.00102528982466185
"PALLD",9.06167037588319e-05,0.226318941504586,1.47567971496146e-07,0.871221568702351,4.365573247389e-09,0.826630849417887,2.01905560065445e-08,0.258976258516532,2.77824492655631e-07,0.66746815014055,3.46044639609744e-08,1.68212742998806e-05
"SFRP2",1.69416466300624e-20,0.0225547556383446,9.50956870327498e-28,0.975523582179654,1.06692858390887e-26,0.985424219565584,2.22883279328455e-21,0.850222618928915,9.76510199675048e-17,0.0167853291055078,5.55e-17,1.90777392487626e-13
"METRN",9.79189664093223e-05,0.271323824421062,3.18585835011467e-06,0.247033176426267,3.56565428330254e-06,0.91463847915224,3.14011348164471e-05,0.438300176882211,0.000330276162783946,0.352559699299015,1.56390857972699e-05,0.00411265456900584
"COL6A2",2.18220832697111e-06,0.00191223195636928,1.57149464673104e-07,0.854486185734414,2.97466910519651e-06,0.423273936455113,5.60650782467888e-05,0.10664152137514,0.000314412029250167,8.39258033292888e-05,1.39057870762738e-06,0.000446134981196335
"CTSK",3.53537782228959e-07,0.574157366381705,3.69928783210178e-09,0.991900456585544,3.78554449845978e-10,0.145780386715732,1.20502821086063e-09,0.399503595323739,2.54782417859998e-08,0.345320459435625,2.6427875443602e-09,1.63053306365567e-06
"CRISPLD2",9.78686547906623e-06,0.0287258914462088,5.70214791117143e-09,0.969510646672888,6.52539871479892e-10,0.316308782242285,3.69613281736053e-08,0.302310189144906,3.79513341996583e-06,0.214056099655605,5.76280223540948e-09,3.34131626495299e-06
"LRRC26",0.000230472376538384,0.0591164519217011,2.30476678934115e-05,0.725258282442782,4.86334937298762e-05,0.94369156436407,0.000557827062560574,0.184783766235015,0.0037194440713216,0.188371244337344,0.000142132967140274,0.0263077336109294
"TFF3",7.45388671904436e-09,0.276272595756427,7.17914429725311e-11,0.930516631881808,7.27288077815601e-11,0.308144613597139,2.0265126899723e-10,0.00428603334758868,2.17312177264733e-09,0.000408392530284955,3.01133673552556e-10,2.41529416945367e-07
"CIRBP",0.0266868361988906,0.340712129093727,0.000487438247587547,0.632589988102301,5.08506455027143e-05,0.75487941591769,5.73265226444418e-05,0.93260783292092,0.000130420016871176,0.0620339011735587,0.000213382407843188,0.0369382041088057
"HSP90AA1",4.18336062245401e-07,0.00130071642370541,7.02555844747816e-09,0.482798417154377,1.30193510579886e-07,0.0482528004928605,4.36134640820444e-06,0.961514240590839,2.14127328574694e-05,0.000538565743425749,6.54933128840796e-08,2.86527450292568e-05
"LRP1",0.000127566870905561,0.00732782532658407,1.24844025547417e-06,0.563235734666861,3.60350671528319e-07,0.0322733668298168,3.68033329738781e-06,0.445929993272743,6.80577593133529e-05,0.665225368860952,2.58365455119147e-06,0.000802038066187348
"MXRA5",0.000588242824501332,0.34597231959562,4.4895936671409e-07,0.622790075551307,1.01791259041435e-08,0.956618616956418,1.7276242327526e-08,0.629022472864986,1.61359128695943e-07,0.771923545663644,6.07719418121988e-08,2.68311060971608e-05
"SPNS1",0.00154986142546609,0.0679719181465192,3.76655485014869e-05,0.962912764235658,8.25518964579765e-06,0.72307169828854,2.48957473207739e-05,0.315116087158319,0.000209636742753628,0.0963151861622751,5.17423253005855e-05,0.0116903711567306
"TMOD3",7.41046940617201e-05,0.0542520954689965,8.98041284129345e-06,0.710509570403872,0.000146250345703507,0.438476840727508,0.00406102215671555,0.769959120999611,0.0128253059908154,0.00276613445380753,7.55378318870736e-05,0.0160848878595379
"KRT17",4.06239010245973e-06,0.0625600908829942,9.03360848955797e-08,0.942031700718923,3.49660413234785e-09,0.500525464886679,4.20084016167548e-09,0.00205011223966787,8.25865159205805e-08,0.140802405241272,1.82660303549298e-08,9.25299933446877e-06
"PRDX2",0.00680512108755416,0.421348551825222,0.000106877115118391,0.713967833871278,2.80644979652308e-05,0.629491012991896,0.000155363581003624,0.564566040127844,0.000834233249450848,0.150040055249003,0.000189489574088153,0.0336494515390978
"PRRC2A",0.000201620254706524,0.569008918358765,6.55124446946625e-06,0.880046911989349,1.46751452719227e-06,0.485680585907247,1.53167534233421e-06,0.00639567577278471,3.36804851215787e-06,0.0346239397977243,5.58974256237299e-06,0.00159172142973215
"KRT14",0.0122702135747349,0.42237637018718,0.000681778108986832,0.637780900780653,4.77568709354783e-05,0.189666151271121,1.93572439343246e-05,0.0512904898482403,3.98539345965637e-05,0.0956326595796743,0.000100732415203808,0.0196261111837099
"GNAI2",0.00171233738121728,0.0389565855021883,0.000146555918036891,0.5725165199901,8.23012623625685e-05,0.546664002103749,5.80648398641418e-05,0.679314600645101,8.15901039797565e-05,0.0177145267973875,0.000203603435004029,0.035759916751647
"TMEM123",0.00158811055820599,0.114579848105617,1.73764284109369e-05,0.977167218952011,1.69348462921245e-05,0.872732108792072,0.000213974447157133,0.431000572488785,0.0018018468633309,0.0162849412854038,8.16483727418271e-05,0.0171193781219782
"NDUFB10",0.00854384192677381,0.477300758562085,7.63575766201708e-05,0.318350575206602,4.85766750130782e-06,0.803911978828261,2.62292470987814e-06,0.623439033791189,8.569552496684e-06,0.116523218582101,1.39465320798671e-05,0.00368771035958706
"MFAP2",9.62226983219384e-06,0.585622819230497,3.40181593673261e-07,0.967511893275015,3.27947322860475e-07,0.79866439875419,3.63837560173376e-06,0.178270121267362,2.03870396608014e-05,0.268794146917673,1.5584400467894e-06,0.000496678217128674
"SLC9A3R1",5.89058456615896e-05,0.242144355153188,1.00821973708851e-06,0.94632665961912,2.9744737271604e-06,0.825207871347066,7.36984549678074e-05,0.708530668665727,0.000707257339476566,0.00541560824238029,7.35206491042639e-06,0.00205763150496602
"LDHA",6.96127413313438e-08,0.0173098938692682,4.02953712106639e-10,0.602699669615246,4.30843108633569e-10,0.934778148733354,3.51472744900172e-09,0.0760446084396248,3.53074717405417e-08,0.00109295354916328,1.94935168007504e-09,1.25080870340546e-06
"EVA1B",0.000676972582392859,0.231603980724795,5.7201165256326e-06,0.868321908491008,2.84868755147516e-07,0.899985803200011,1.00236686045332e-07,0.222370926940659,2.39231332044213e-07,0.0344587033112237,5.6043921103921e-07,0.000196865632750491
"FSTL1",0.00255269047395252,0.0673746358890474,3.70880284276491e-05,0.960501610978097,9.71763238931822e-06,0.451720888464598,5.22354098434606e-05,0.509481188247541,0.000595024717669701,0.0649959793093114,6.61857029609081e-05,0.0142830607709608
"MT1X",4.79259146894266e-05,0.000680473769056657,1.25634619002955e-06,0.313956954166274,7.71127277956992e-07,0.638692357242458,4.99416211045945e-05,0.0263204727030848,0.00145554474075213,0.78540213721171,4.68199463909968e-06,0.00139084219824699
"SULF1",1.65879815181137e-11,0.0266592438981787,3.14950758807342e-16,0.820049099025632,7.67024678242528e-17,0.772863957481846,8.80143335640435e-14,0.636678771643632,2.10776832690127e-10,0.0721367985440198,6.66133814775094e-16,1.52652579256009e-12
"TUBA1B",6.39228057354911e-05,0.041362501303192,2.81548278312668e-05,0.94988500889475,0.00027241928015868,0.910395980067349,0.00596906484892702,0.183494443125752,0.0570127724378668,0.0190236674038092,0.000181593141293179,0.0326081836663773
"DPYSL3",0.000440582418331112,0.194688603037341,9.20784697692605e-06,0.420961496381209,8.53733452643686e-06,0.689999777202087,5.85679626193888e-05,0.22021142354275,0.00037279402647418,0.0153568802011146,4.03495973394508e-05,0.00929083784273846
"BST2",1.05486829285634e-05,0.471499463394771,5.57949166879872e-07,0.668404778686278,5.56960726724001e-06,0.857044055087751,5.9683065891803e-05,0.168512709977979,0.000162114967320159,0.0016622779736173,4.78435726103399e-06,0.00141253090607973
"LAMP2",0.000192337374071158,0.164311348357701,1.2387987944055e-05,0.483298387652155,1.65485500299874e-05,0.605218474365099,0.000146483314942995,0.0848079833792528,0.000826869196486684,0.0894506346820126,6.47609991059062e-05,0.0140385588524028
"NDUFA13",0.000347291124605454,0.344649845428585,1.49681366119234e-06,0.646051104494347,6.12709424403747e-08,0.920173993100568,2.33811932945044e-07,0.847181768044796,4.99046090291145e-06,0.617594757567391,4.65783106640139e-07,0.000166039694587158
"BASP1",4.55377406291234e-07,0.262378591270123,5.04874070195196e-09,0.97264579908618,1.74980952462585e-08,0.981506740938432,1.53262862794202e-06,0.29494102863419,6.08532309835066e-05,0.171091373347873,3.87472129936839e-08,1.82810972717483e-05
"PRSS8",0.000614517889316962,0.456122830031062,1.95359629694064e-06,0.567606066489514,8.30305969979393e-08,0.0284655635581174,1.25743855985894e-06,0.302027181406096,5.50328023137778e-05,0.891185608313272,7.47902688558177e-07,0.000255263043461325
"LMNA",0.000104579026321423,0.382014323441992,1.27183155679568e-06,0.920424251681235,2.60966560263825e-07,0.0623812956848257,1.60184266988992e-07,0.701004739436012,3.63033797031129e-07,0.000328519080637771,7.33774794037245e-07,0.000252229985368595
"RARRES1",9.71952679270652e-09,0.0333366340144193,1.45095253704161e-12,0.995364494565835,1.11122892391393e-13,0.915819610381017,6.50826365327107e-12,0.45168518887065,1.00580292192897e-09,0.404363977653069,1.01596508983448e-12,1.19249588651246e-09
"COL5A1",1.93004514621395e-07,0.0216470560408162,2.73974130917234e-11,0.632657871280807,4.58388483199145e-11,0.892889909185946,9.5522477831084e-08,0.9673589746059,1.92412875983833e-05,0.620420871647085,1.71435532436703e-10,1.42244278972361e-07
"TIMP2",0.00695884914124227,0.119161264388289,0.000135629179215005,0.450440321188173,1.89609280535065e-05,0.550642808066867,9.45566020187683e-05,0.483763856137489,0.000955027742050973,0.561386680720787,0.000139107099270674,0.0259472627596391
"CTHRC1",2.90335370241228e-12,0.0825372708295874,3.30374033038416e-18,0.748066634064659,1.81506013039029e-19,0.987180705855409,4.08115562046638e-17,0.571588980059255,3.79769976507429e-14,0.0401966350129688,1.11022302462516e-16,3.3392751712252e-13
"TMEM135",0.00510127902994479,0.0437183379516779,0.000109146351284225,0.845275795275334,3.57977198809701e-05,0.368496366965803,0.000365629147671215,0.583078773582574,0.00408879783486441,0.306604386835389,0.000248189183568837,0.0423541239530084
"GLIS2",0.0159320614364756,0.0190871950880182,0.000213610357215307,0.487770348932992,1.5549783877733e-05,0.893175838417244,2.76170731179463e-05,0.78371305667448,0.000128133156631534,0.495941096860036,8.84117236470416e-05,0.0180979120368064
"LGMN",0.000915820933051721,0.292442916621222,0.000148769418664937,0.952751039300331,2.07238369154278e-05,0.899227962771955,2.52240261034006e-05,0.0946088058032496,9.44156859127748e-05,0.181444664544789,9.40817854072629e-05,0.018507507198793
"HPX",0.00266577573489477,0.0750608130987003,0.000103547724689428,0.889037842605898,9.8245933275733e-06,0.590234308075431,1.48864740773724e-05,0.479232840909329,7.94247180975751e-05,0.42871082270692,5.21953540604247e-05,0.0117376197412333
"SPPL2B",0.00319046966688963,0.257740560625903,0.000103515350490164,0.11074909871934,5.08806786583543e-05,0.640959785132468,8.39102916782019e-05,0.372641129964449,0.000370680685137811,0.0416550926918139,0.000225844522693364,0.038955368791936
"VWF",0.00122372275476809,0.668201722836356,0.000168394100687216,0.346355035227449,4.57915414033997e-05,0.197738669272319,8.57787191777452e-06,0.27848770719052,3.90956277449078e-06,0.0200002347357811,2.49368730567134e-05,0.0060609229829617
"PEG10",0.00376982163095931,0.0320196149832716,4.18985349712219e-05,0.298161354010136,1.58241526762847e-05,0.661977467827553,0.000190849502656356,0.402925994350059,0.00177047754544432,0.207284616783887,0.000107332628919488,0.0205787981075643
"RGS1",0.00754138048153179,0.149561723337985,6.82876732166823e-05,0.37411901495015,1.09601376107635e-05,0.82594764299349,6.48874929322781e-05,0.542756949231815,0.000846502794778492,0.299441782674181,8.15573785426515e-05,0.0171193781219782
"HLA.DRB1",0.000529894646961808,0.0526757269562195,6.91603932479474e-05,0.860476693516938,5.0546896194146e-05,0.203072464390518,0.000647432070205459,0.351745969873257,0.0071674661184993,0.0805581654432208,0.000264242300522133,0.044618959955721
"GJB2",0.0128507820362034,0.0370683402725523,0.000237234405140796,0.882154870308029,9.79183873413385e-06,0.519071265949809,1.45579141752334e-05,0.468651151710056,0.000127127748772898,0.576091230943156,5.46465230539805e-05,0.012231677894368
"STC2",8.35714182008162e-07,0.386294527592737,1.70642085048244e-06,0.911465681690505,0.000426076949280263,0.887109433435448,0.00838822787663992,0.0254235849668763,0.036759095292401,4.3007928989538e-06,4.95630345520581e-06,0.00145437366445419
"FGB",4.91232005608144e-10,0.000866354941461403,5.35624318674503e-14,0.795152270608513,9.31423592533633e-14,0.552242141416998,9.49108298797398e-11,0.36297902814073,4.70615724490762e-08,0.00455335346356674,3.40172334745148e-13,4.30801647353011e-10
"ITIH2",0.000193667277012263,0.353466600607154,1.23360828008414e-06,0.667604147056805,1.04464759859062e-07,0.512472169556489,4.53163766843541e-07,0.312916361532705,5.68212923156582e-06,0.253840709422407,7.83017747973958e-07,0.000265365966148974
"SELT",0.00442835096926942,0.501910296545563,0.00343865551179885,0.318555613103602,0.0246059772580323,0.871412160702838,0.0838994365732508,0.215708071368391,0.155532778364422,2.67536187830734e-05,0.00026349494039879,0.044618959955721
"MRC2",0.00152682027326717,0.021716926808193,1.48989411185417e-05,0.836923070670297,1.01203476845059e-05,0.849062627850047,0.000237642542644731,0.909220116529045,0.00428564648682966,0.108310224779687,5.84595667695309e-05,0.0128461633139548
"S100A10",1.57550252621256e-07,0.227306748899484,1.77229787415665e-09,0.793944174196163,3.05534570583943e-09,0.95982451517247,3.29239872370138e-07,0.00877457625882449,2.4979367597633e-05,0.0980111661587106,1.10992837143442e-08,6.00159807208046e-06
"BEX1",6.41508572140965e-05,0.265729927516345,8.2506022115377e-07,0.784119847458841,3.68132244972444e-07,0.670051944022702,6.85726458679554e-06,0.195944762600106,0.000158904741309847,0.199986819928722,2.44130742843574e-06,0.000762893145712761
"HLA.DPA1",0.000388722317309458,0.234900882701921,9.2526979842923e-06,0.912422687332525,1.02340115721091e-06,0.499480899154616,5.71809450976615e-06,0.422144756103513,8.27204914637537e-05,0.624153298546702,7.84469260139975e-06,0.00216104244780447
"SGTA",0.0730064567237897,0.335579856153063,0.00315267034787825,0.415787758259207,0.000279390905930548,0.804445511218345,7.36152283098755e-05,0.460561918284393,5.1276061297854e-05,0.0665829946803365,0.000270199757435252,0.0454653860291066
"TGM2",4.02106953814928e-12,0.0453598948034592,9.62989876573439e-14,0.994822784998617,2.54834944883509e-12,0.796973519687408,2.23988317139461e-09,0.00273552990003553,6.0684394061193e-07,9.72771210299135e-05,9.07496300328603e-13,1.09180940998379e-09
"ADAM12",0.000815506107522887,0.120827596696773,6.3388803671871e-06,0.936273969193894,1.50099297387698e-06,0.608630012046026,6.13174586170499e-06,0.524667022578851,3.9550514646041e-05,0.487067375995605,9.86612259579189e-06,0.00265250027671628
"TECR",0.00203010007772473,0.117805220784902,0.000144834109872978,0.901734886794668,4.22167797769463e-05,0.643384008645066,7.08510182436096e-05,0.202888127536752,0.000252534615375931,0.393963491931558,0.000203416036761661,0.035759916751647
"ITGA11",0.000778519481015686,0.0863533939243972,2.43674945377786e-05,0.889666880301752,3.90218360727556e-05,0.568193512336334,0.0011283767371229,0.0974951888244448,0.0142420248338727,0.167370276302421,0.000145089235733975,0.0267520240929828
"SAA1",2.75236549863689e-05,0.0143231086130237,2.99994522465751e-08,0.676432221092625,3.15354895821362e-09,0.991477842932532,1.18443866007712e-08,0.276462322281312,1.1483312717129e-07,0.00782950932602399,2.25423295585614e-08,1.10696701512975e-05
"ASPN",3.94372332144148e-10,0.00451241718107952,9.18557698067567e-15,0.300490425334211,9.87195176235898e-14,0.994162736426968,9.08691353768927e-11,0.988561567147698,1.73255381008393e-08,0.00112964973331861,8.41549052665869e-14,1.19113909637115e-10
"TGFB1",0.000273140904259671,0.130076882298892,1.02972942993634e-05,0.749282663216733,1.4788446084254e-05,0.702178222213429,0.000268426323335477,0.456229852590828,0.00232652224936858,0.116180455276144,5.79508362181791e-05,0.0127927871697284
"GSTM3",0.0530859032531552,0.328704753613424,0.00368351441036651,0.814539812304156,0.000205856573529383,0.580399387355081,6.0511307811308e-05,0.851830049969803,8.47749261816642e-05,0.478931764411881,0.000298865046387098,0.0495951363514094
"CILP",4.15583023735219e-11,0.00525478372344625,1.6322058996714e-14,0.73375405781334,4.48588879406413e-13,0.948494991101567,4.47574307488565e-10,0.404890402413417,1.2371400694539e-07,0.000163063441118604,1.57651669496772e-13,2.05049545649288e-10
"AGT",1.82416644274539e-08,0.0335452264219326,3.77704726617499e-12,0.891445972854763,1.36812287712349e-12,0.645898647622869,1.60324712587529e-10,0.349387186448405,2.53735058509774e-08,0.0395884663419114,9.98001681296046e-12,9.80160403891512e-09
"CCDC80",5.55963146249522e-06,0.151316650770821,4.94572177578253e-08,0.892332150122183,1.19546328964895e-07,0.667161208892652,7.06520698222653e-06,0.313265159310285,0.000133169909669328,0.0376707483429948,3.45860477590776e-07,0.000131056684558431
"MAPK3",0.0664001666631121,0.612763167905446,0.00423564216402317,0.381328228703831,8.15977108418487e-05,0.587714711116006,1.67871177860007e-05,0.804769483303069,2.82435075470287e-05,0.929928398678499,9.30555462700378e-05,0.018507507198793
"GBP1",3.72446621520507e-08,0.000319167127299588,4.66360091468874e-11,0.9325502202488,4.63410708266459e-11,0.451559047927102,1.98993595497758e-08,0.516414184842495,4.51257057881204e-06,0.0569611577090853,2.3202362253727e-10,1.89252729835e-07
"LRRC15",0.000356343493470366,0.163788430365021,3.18036266871312e-07,0.874972778808186,2.16224838860169e-08,0.192165975164009,2.38032074339945e-07,0.900586827198415,5.14425232765488e-06,0.247514668384239,1.85905535854403e-07,7.58179916491752e-05
"SPP1",1.20979237537762e-07,0.0389936620512712,1.19530827281047e-10,0.808872236573013,7.00638670942235e-11,0.789679237883426,3.09394999861556e-09,0.307503401540725,3.02964508900444e-07,0.00228708676311981,4.3528403104176e-10,3.32501911646245e-07
"PRRX1",1.95168149393652e-10,0.0278485722397229,1.99211948521605e-16,0.574590717444867,1.77295017396037e-18,0.680435009670109,5.68596146972647e-17,0.766214427365969,3.97761945671535e-14,0.065519382711424,2.22044604925031e-16,5.62404239364244e-13
"RAMP1",0.00112916637692244,0.326564608565535,8.40649924089434e-05,0.645926818579044,2.96133121552786e-05,0.0427143447179237,5.30186828923543e-05,0.203097978913313,0.000151193554810226,0.0329715211186665,0.000138728657758103,0.0259472627596391
"SEC23A",0.0089064716121449,0.0761219302461243,0.000613752526395471,0.737952958948755,4.43869472575077e-05,0.601274572796086,5.223528783447e-05,0.577448865002906,0.000238796254559587,0.524347809886718,0.000210037905467253,0.036490504764723
"PITX1",0.00443861657279246,0.489212051810557,1.08403371009576e-05,0.756779530029275,1.04954935070636e-06,0.955170377743038,6.45529938754987e-06,0.582033743212857,6.24473931236377e-05,0.213950898615049,8.22256195776028e-06,0.00224831132454672
"ADAMTS2",2.0000425460082e-05,0.0341072175911931,7.43122785107832e-08,0.966615196024297,3.43750378369254e-08,0.523156201546058,2.65885150170422e-07,0.893300234002587,4.10301508623364e-06,0.00618780556263688,2.14580764046346e-07,8.67772308272694e-05
"FGG",2.10288323994645e-06,0.0134551017073157,1.03189944439596e-07,0.763250964933333,2.06442778652048e-07,0.140580570547948,4.73828436830854e-06,0.0239696046985402,9.78025553486483e-05,0.00574464065427622,6.56515780517175e-07,0.000227296281324341
"FAM177B",0.00120925405620824,0.0633023142539641,2.63401479892919e-05,0.943528323985851,2.94589454571586e-06,0.729774947409743,1.04028576730623e-05,0.246485547073464,0.000102640191936001,0.349186859033449,2.06561379525461e-05,0.00523187652198387
"MYH11",0.00184310502435972,0.08250707505809,8.81503680132522e-05,0.805008834624497,7.66454943713188e-06,0.641234701538368,7.3001745878903e-06,0.0485562243977707,3.49180101860625e-05,0.0306659145367944,3.24635281224728e-05,0.00769593941740176
"MMP13",6.55448684870612e-06,0.336101348982234,5.77607025331678e-09,0.896941286102542,4.2796501391851e-10,0.613849606470071,4.98911878897916e-09,0.335793165575302,2.62346806767165e-07,0.171653136130663,3.68436992026488e-09,2.2276689351743e-06
